[1,["6fYujgT1FD4aCdxxVCKfe7","9c6Fs+Bm9IRbKv7RaZNwZ6","8dHo0rTtRGoYQ/uuzZScZS","ecpdLyjvZBwrvm+cedCcQy","1blgQ4IgBNu7yshtXurMsd","068EqsFhFLfphoNwIzy25B","8dgueKBL5C4IiTuQ9rwtRb","5cnw8L69BMg7EW5i6TYIhG","903gtQMEZO3q+FbLfprd1h","a4de7iR5RMh6sqW0U40QQE","61Z+JBNYBBOIGGo0mV5zYD","da0N7olNNIlpAXwfq94p8w","50sjXxZw9FYor8cRMHKD0l","50uCqU3k1PMpHiFmanlAIR","65yM6MOKtE/71pGSlyHEmW","8aN5S7y4RFhrGH4xNE4oOU","69s7J1umpJCplB/37URA82","90CSWnUphFKqsZh8T3Zqxd","efvToweJhGsJ34Es9VTgeJ","c8oKnwaFRBBpfgQx6tm2bY","f9T8upvlZFVo/LAfbF11zf","7eQlSx8dxEmbuRK2YOqCbP","3bB/gRuoFIUqE6BpD3Hl60","f17cEUKrJPe6n8rJjCFrKZ","1aZnFdM6hJR6JeE/HjMaJO","74HiF9m+RHdo0EUffe//oP","ae128TH8xGgI7vTHx1Efkj","7aYoPH82hMvI49VeJ59Zh1","63DFB8FgRAv5yQzgqKwqiy","1e9BMFEUlAip/foo+upYe9","d9BiZhGiFLDIwPSWaY68w4","77R/x1gxFIRJCoa69bh+20","2dOQUYsRBJbp4DSA7v8rMI","5fxymFwTVOYZNyo9ibjwLG","d1R1kElxlIjaDBq1ALs/Tv","b2OvOqKdRK0LeQvWwhsPvt","07vODvZFNKIq1iFeTuFP2i","7fTG2sfHVIorDhG4kuDu3b","52JwUfFOZLXb+6VzcOtSKH","87yhCrl7FLk7+1PNHARgqn","9e44Hx26BMJYPS2YsroisS","f93ZyS9UtCbpWLf7sztgBD","13rqucRDpJ3rr4hejAp5NG"],["value","_textureSetter","node","_spriteFrame","root","_defaultClip","data","score","scene","_parent","enemyPrefab","bulletPrefab"],["cc.SpriteFrame",["cc.Node",["_name","_groupIndex","_id","_components","_contentSize","_trs","_parent","_prefab","_children"],0,9,5,7,1,4,2],["cc.AnimationClip",["_name","_duration","wrapMode","events","speed","curveData"],-2,11],["cc.Sprite",["_sizeMode","node","_spriteFrame","_materials"],2,1,6,3],["cc.RigidBody",["_allowSleep","_type","_gravityScale","_fixedRotation","enabledContactListener","node"],-2,1],["cc.PhysicsBoxCollider",["tag","_density","_sensor","node","_size","_offset"],0,1,5,5],["cc.Prefab",["_name"],2],["cc.Node",["_name","_parent","_components","_color","_contentSize","_anchorPoint","_trs"],2,1,12,5,5,5,7],["cc.Animation",["node","_clips","_defaultClip"],3,1,3,6],["cc.Animation",["playOnLoad","node","_clips","_defaultClip"],2,1,12,6],["e1c1fPVN7pBQYc0iyx79lLb",["node"],3,1],["cc.PrefabInfo",["fileId","root"],2,1],["cc.SceneAsset",["_name","asyncLoadAssets"],1],["cc.Canvas",["node"],3,1],["cc.Widget",["_alignFlags","node"],2,1],["a7b801wuUdCc4tfD8dqSgRX",["node","score","bulletPrefab"],3,1,1,6],["cc.PhysicsPolygonCollider",["tag","node","points"],2,1,12],["cc.Label",["_string","_fontSize","_lineHeight","_N$verticalAlign","node","_materials"],-1,1,3],["cc.LabelOutline",["_width","node","_color"],2,1,5],["cc.Scene",["_name","_active","_children","_anchorPoint","_trs"],1,2,5,7],["cc.Camera",["_clearFlags","_depth","node"],1,1],["0b908C7+d1JmJPcFSBmVdWn",["node","enemyPrefab"],3,1,6],["906760NAB1JXK11rok+U9Ds",["node"],3,1],["aeed19u5/dFi79jdO9lf9Vj",["node"],3,1]],[[2,0,1,2,5,4],[11,0,1,2],[2,0,1,2,3,5,5],[6,0,2],[3,0,1,3,2,2],[8,0,1,2,1],[4,0,2,3,4,5,5],[2,0,1,4,2,3,5,6],[2,0,1,5,3],[1,0,1,3,7,4,5,3],[1,0,2,8,3,4,5,3],[1,0,1,6,3,7,4,5,3],[1,0,1,6,3,4,3],[1,0,1,6,3,4,5,3],[1,0,6,3,5,2],[1,0,6,3,2],[1,0,1,3,7,4,3],[7,0,1,2,3,4,5,6,2],[3,0,1,2,2],[3,1,3,2,1],[3,1,2,1],[9,0,1,2,3,2],[10,0,1],[4,1,5,2],[4,1,0,5,3],[4,1,0,2,3,4,5,6],[5,0,1,2,3,5,4,4],[5,3,5,4,1],[5,0,3,5,4,2],[5,1,2,3,4,3],[12,0,1,3],[13,0,1],[14,0,1,2],[15,0,1,2,1],[16,0,1,2,2],[17,0,1,2,3,4,5,5],[18,0,1,2,2],[19,0,1,2,3,4,3],[20,0,1,2,3],[21,0,1,1],[22,0,1],[23,0,1]],[[[{"name":"enemy1","rect":[1,1,125,85],"offset":[0,0],"originalSize":[125,85],"capInsets":[0,0,0,0]}],[0],0,[0],[1],[4]],[[{"name":"bullet6","rect":[290,61,46,27],"offset":[-4,6],"originalSize":[92,139],"capInsets":[0,0,0,0]}],[0],0,[0],[1],[1]],[[{"name":"block","rect":[17,17,582,948],"offset":[-3,0],"originalSize":[622,982],"capInsets":[0,0,0,0]}],[0],0,[0],[1],[10]],[[[2,"shoot",0.26666666666666666,"1",[{"frame":0.08333333333333333,"func":"createBullet","params":[]}],[{"paths":{}},"comps",11,[{},"cc.Sprite",11,[{},"spriteFrame",12,[[[{"frame":0},"value",6,0],[{"frame":0.05},"value",6,1],[{"frame":0.25},"value",6,2]],11,11,11]]]]]],0,0,[0,0,0],[0,0,0],[2,11,2]],[[{"name":"bullet2","rect":[230,1,58,92],"offset":[0,-1],"originalSize":[88,116],"capInsets":[0,0,0,0]}],[0],0,[0],[1],[1]],[[{"name":"enemy3","rect":[255,1,125,85],"offset":[0,0],"originalSize":[125,85],"capInsets":[0,0,0,0]}],[0],0,[0],[1],[4]],[[{"name":"reborn1","rect":[206,1412,34,194],"offset":[2,0],"originalSize":[52,200],"capInsets":[0,0,0,0]}],[0],0,[0],[1],[0]],[[{"name":"reborn2","rect":[137,1143,91,118],"offset":[0,-4],"originalSize":[101,138],"rotated":1,"capInsets":[0,0,0,0]}],[0],0,[0],[1],[0]],[[{"name":"bullet9","rect":[222,101,50,26],"offset":[-2,0],"originalSize":[76,40],"capInsets":[0,0,0,0]}],[0],0,[0],[1],[1]],[[[0,"idle",0.016666666666666666,"0",[{},"comps",11,[{},"cc.Sprite",11,[{},"spriteFrame",12,[[[{"frame":0},"value",6,0]],11]]]]]],0,0,[0],[0],[2]],[[{"name":"bullet3","rect":[162,1,66,98],"offset":[2,-8],"originalSize":[108,120],"capInsets":[0,0,0,0]}],[0],0,[0],[1],[1]],[[[2,"reborn",0.7333333333333333,0,[{"frame":0.7166666666666667,"func":"reborn","params":[]}],[{"props":{"anchorY":[{"frame":0.6666666666666666,"value":0.55,"curve":"constant"},{"frame":0.7166666666666667,"value":0.5}]}},"comps",11,[{},"cc.Sprite",11,[{},"spriteFrame",12,[[[{"frame":0},"value",6,0],[{"frame":0.3333333333333333},"value",6,1],[{"frame":0.5},"value",6,2],[{"frame":0.6666666666666666},"value",6,3],[{"frame":0.7166666666666667},"value",6,4]],11,11,11,11,11]]]]]],0,0,[0,0,0,0,0],[0,0,0,0,0],[12,13,14,15,2]],[[{"name":"reborn3","rect":[134,859,121,130],"offset":[0,-3],"originalSize":[131,148],"capInsets":[0,0,0,0]}],[0],0,[0],[1],[0]],[[{"name":"move1","rect":[1,1279,122,139],"offset":[6,3],"originalSize":[136,151],"capInsets":[0,0,0,0]}],[0],0,[0],[1],[0]],[[[3,"enemy"],[9,"enemy",1,[[18,0,-2,0],[5,-3,[2],1],[22,-4],[6,false,0,true,true,-5],[26,2,2,true,-6,[0,20,0],[5,200,140]]],[1,"cbKAdWsStGtITUT0OWHrYo",-1],[5,278.5,165.5],[525,196,0,0,0,0,1,1,1,1]]],0,[0,4,1,0,2,1,0,2,1,0,2,1,0,2,1,0,2,1,0,6,1,6],[0,0,0],[3,5,-1],[5,6,6]],[[{"name":"bullet1","rect":[290,1,58,86],"offset":[-2,-2],"originalSize":[84,108],"rotated":1,"capInsets":[0,0,0,0]}],[0],0,[0],[1],[1]],[[[0,"move",0.15,2,[{},"comps",11,[{},"cc.Sprite",11,[{},"spriteFrame",12,[[[{"frame":0},"value",6,0],[{"frame":0.03333333333333333},"value",6,1],[{"frame":0.06666666666666667},"value",6,2],[{"frame":0.1},"value",6,3],[{"frame":0.13333333333333333},"value",6,4]],11,11,11,11,11]]]]]],0,0,[0,0,0,0,0],[0,0,0,0,0],[16,17,18,19,20]],[[{"name":"enemy2","rect":[128,1,125,85],"offset":[0,0],"originalSize":[125,85],"capInsets":[0,0,0,0]}],[0],0,[0],[1],[4]],[[{"name":"bullet8","rect":[162,101,58,26],"offset":[-4,-2],"originalSize":[80,52],"capInsets":[0,0,0,0]}],[0],0,[0],[1],[1]],[[{"name":"bullet10","rect":[274,95,62,30],"offset":[-10,-2],"originalSize":[88,48],"capInsets":[0,0,0,0]}],[0],0,[0],[1],[1]],[[{"name":"reborn4","rect":[125,1279,120,131],"offset":[-1,1],"originalSize":[132,143],"capInsets":[0,0,0,0]}],[0],0,[0],[1],[0]],[[{"name":"stand1","rect":[112,311,120,143],"offset":[0,0],"originalSize":[130,157],"rotated":1,"capInsets":[0,0,0,0]}],[0],0,[0],[1],[0]],[[[0,"enemy",0.18333333333333332,"2",[{},"comps",11,[{},"cc.Sprite",11,[{},"spriteFrame",12,[[[{"frame":0},"value",6,0],[{"frame":0.08333333333333333},"value",6,1],[{"frame":0.16666666666666666},"value",6,2]],11,11,11]]]]]],0,0,[0,0,0],[0,0,0],[5,21,22]],[[{"name":"move2","rect":[122,1420,82,139],"offset":[-1,-1],"originalSize":[86,143],"capInsets":[0,0,0,0]}],[0],0,[0],[1],[0]],[[{"name":"bullet7","rect":[338,61,54,34],"offset":[-5,2],"originalSize":[64,52],"rotated":1,"capInsets":[0,0,0,0]}],[0],0,[0],[1],[1]],[[[30,"rockmanDemo",null],[10,"Canvas","272rxtnEZHr6plvhpnH+YQ",[-3,-4,-5,-6,-7,-8],[[31,-1],[32,45,-2]],[5,960,640],[480,320,0,0,0,0,1,1,1,1]],[11,"player",2,1,[[19,-10,[5],6],[21,true,-11,[[8,9,10,11,12,null],6,6,6,6,6,0],7],[33,-13,-12,13],[6,false,15,true,true,-14],[27,-15,[0,0,2.6],[5,100,137.8]]],[1,"c0MWEak39PoZoGzGbF7wlj",-9],[5,120,143],[-196,136,0,0,0,0,1,1,1,1]],[12,"background",3,1,[[4,0,-16,[0],1],[23,0,-17],[28,1,-18,[0,0,-265.7],[5,960,108.5]]],[5,960,640]],[13,"block",3,1,[[4,0,-19,[2],3],[24,0,false,-20],[34,1,-21,[[[0,87,-143],[0,90,65],[0,76,79],[0,-49,77],[0,-56,65],[0,-56,39],[0,-70,47],[0,-82,39],[0,-87,-143]],8,8,8,8,8,8,8,8,8]]],[5,178,290],[328,-69,0,0,0,0,1,1,1,1]],[17,"score",1,[[[35,"Score: 0",60,60,1,-22,[14]],[36,5,-23,[4,4281348144]],-24],4,4,1],[4,4286216828],[5,233.45,85.6],[0,0,0.5],[-462,270,0,0,0,0,1,1,1,1]],[37,"New Node",false,[1],[0,0,0],[0,0,0,0,0,0,1,1,1,1]],[14,"Main Camera",1,[[38,7,-1,-25]],[0,0,352.5941241626737,0,0,0,1,1,1,1]],[15,"enemyManager",1,[[39,-26,4]]],[40,5]],0,[0,2,1,0,2,1,0,-1,7,0,-2,3,0,-3,4,0,-4,8,0,-5,2,0,-6,5,0,4,2,0,2,2,0,2,2,0,7,9,0,2,2,0,2,2,0,2,2,0,2,3,0,2,3,0,2,3,0,2,4,0,2,4,0,2,4,0,2,5,0,2,5,0,-3,9,0,2,7,0,2,8,0,8,6,1,9,6,26],[0,0,0,0,0,0,0,0,0,0,0,0,0,0,0],[-1,3,-1,3,10,-1,3,5,-1,-2,-3,-4,-5,11,-1],[3,23,3,24,25,3,2,7,7,26,27,28,29,30,3]],[[{"name":"jump1","rect":[1,363,77,186],"offset":[-1,-1],"originalSize":[99,198],"capInsets":[0,0,0,0]}],[0],0,[0],[1],[0]],[[[7,"bullet",0.7666666666666667,2,"1",[{"frame":0.25,"func":"bulletMove","params":[]}],[{},"comps",11,[{},"cc.Sprite",11,[{},"spriteFrame",12,[[[{"frame":0},"value",6,0],[{"frame":0.08333333333333333},"value",6,1],[{"frame":0.16666666666666666},"value",6,2],[{"frame":0.25},"value",6,3],[{"frame":0.3333333333333333},"value",6,4],[{"frame":0.4166666666666667},"value",6,5],[{"frame":0.5},"value",6,6],[{"frame":0.5833333333333334},"value",6,7],[{"frame":0.6666666666666666},"value",6,8],[{"frame":0.75},"value",6,9]],11,11,11,11,11,11,11,11,11,11]]]]]],0,0,[0,0,0,0,0,0,0,0,0,0],[0,0,0,0,0,0,0,0,0,0],[31,32,33,34,35,36,8,37,38,39]],[[[8,"jump",0.1,[{},"comps",11,[{},"cc.Sprite",11,[{},"spriteFrame",12,[[[{"frame":0},"value",6,0],[{"frame":0.08333333333333333},"value",6,1]],11,11]]]]]],0,0,[0,0],[0,0],[40,41]],[[{"name":"bullet5","rect":[1,1,83,108],"offset":[-1,2],"originalSize":[121,132],"capInsets":[0,0,0,0]}],[0],0,[0],[1],[1]],[[{"name":"move4","rect":[1,1143,134,134],"offset":[-6,-2],"originalSize":[148,140],"capInsets":[0,0,0,0]}],[0],0,[0],[1],[0]],[[{"name":"bullet4","rect":[86,1,74,106],"offset":[0,-4],"originalSize":[96,128],"capInsets":[0,0,0,0]}],[0],0,[0],[1],[1]],[[[3,"bullet"],[16,"bullet",4,[[20,-2,0],[5,-3,[2],1],[41,-4],[25,1,false,0,true,true,-5],[29,100,true,-6,[5,54,34]]],[1,"6eAiehv+dIHqmGpZqpuTB+",-1],[5,54,34]]],0,[0,4,1,0,2,1,0,2,1,0,2,1,0,2,1,0,2,1,0,6,1,6],[0,0,0],[3,5,-1],[8,9,9]],[[{"name":"shoot1","rect":[1,1420,119,139],"offset":[3,-2],"originalSize":[137,157],"capInsets":[0,0,0,0]}],[0],0,[0],[1],[0]],[[{"name":"move3","rect":[138,991,95,142],"offset":[-2,0],"originalSize":[99,144],"capInsets":[0,0,0,0]}],[0],0,[0],[1],[0]],[[{"name":"background","rect":[0,0,1504,913],"offset":[0,0],"originalSize":[1504,913],"capInsets":[0,0,0,0]}],[0],0,[0],[1],[42]],[[{"name":"move5","rect":[1,1561,90,138],"offset":[1,0],"originalSize":[96,140],"rotated":1,"capInsets":[0,0,0,0]}],[0],0,[0],[1],[0]],[[{"name":"jump2","rect":[80,433,111,170],"offset":[0,-3],"originalSize":[125,186],"rotated":1,"capInsets":[0,0,0,0]}],[0],0,[0],[1],[0]]]]